{
  "rate_psnrs": {
    "Baseline": {
      "train": [
        0.00026956014335155487,
        0.00022643657575827092,
        0.00020032832981087267,
        0.0001890189596451819,
        0.0001805248757591471,
        0.0001736133563099429
      ],
      "valid": [
        0.0007485526148229837,
        0.0005934860673733056,
        0.0005024919519200921,
        0.0004761881136801094,
        0.00045615460840053856,
        0.00044117981451563537
      ]
    },
    "Baseline(grouped)": {
      "train": [
        0.0002872954064514488,
        0.00024299707729369402,
        0.00021333189215511084,
        0.00019764795433729887,
        0.00018878885020967573,
        0.00018165286746807396
      ],
      "valid": [
        0.0007933356682769954,
        0.0006360675906762481,
        0.0005293670692481101,
        0.00048070994671434164,
        0.00045894659706391394,
        0.0004434152797330171
      ]
    },
    "Single": {
      "train": [
        0.0003945775970350951,
        0.0003736155340448022,
        0.0003592022694647312,
        0.00034869182854890823,
        0.0003406096948310733,
        0.00033460307167842984
      ],
      "valid": [
        0.0010755127295851707,
        0.0010325711918994784,
        0.0010046802926808596,
        0.0009850527858361602,
        0.0009697029017843306,
        0.0009586036903783679
      ]
    },
    "Multi(interpolate)": {
      "train": [
        0.0003872132219839841,
        0.00035919330548495054,
        0.0003437997365836054,
        0.0003330994222778827,
        0.00032537750666961074,
        0.0003192571457475424
      ],
      "valid": [
        0.001021888107061386,
        0.0009466989431530237,
        0.0009106167126446962,
        0.0008867733995430171,
        0.0008666658541187644,
        0.000851205550134182
      ]
    },
    "Grouped Multi(interpolate)": {
      "train": [
        0.00044717927812598646,
        0.00041659208363853395,
        0.00039954413659870625,
        0.0003871403750963509,
        0.00037746530142612755,
        0.0003699396620504558
      ],
      "valid": [
        0.0012344795977696776,
        0.0011600673897191882,
        0.0011259973980486393,
        0.001102068810723722,
        0.0010835010325536132,
        0.0010704705491662025
      ]
    },
    "Multi(shared ds)": {
      "train": [
        0.0003733951016329229,
        0.00034226919524371624,
        0.00032642477890476584,
        0.0003148292889818549,
        0.00030604793573729694,
        0.00029914433252997696
      ],
      "valid": [
        0.0010062544606626034,
        0.0009263654937967658,
        0.0008953771321102977,
        0.0008727239910513163,
        0.000856909085996449,
        0.0008433688781224191
      ]
    },
    "Multi(seperate ds)": {
      "train": [
        0.00032844243105500937,
        0.0002848972217179835,
        0.00026502960827201605,
        0.00025196815840899944,
        0.0002416136412648484,
        0.00023461600358132273
      ],
      "valid": [
        0.0008101854473352432,
        0.0006822329596616328,
        0.0006385024753399193,
        0.0006112122209742665,
        0.0005905662546865642,
        0.0005756386090070009
      ]
    }
  },
  "snr_psnrs": {
    "Baseline": {
      "train": [
        0.0005390947335399687,
        0.0003528080997057259,
        0.0002398426877334714,
        0.0001735871919663623,
        0.00013589228910859674,
        0.0001151859833044,
        0.00010410259710624814,
        9.828771726461127e-05,
        9.565047366777435e-05
      ],
      "valid": [
        0.0012275928165763617,
        0.000824986316729337,
        0.000583381624892354,
        0.00044064567191526294,
        0.0003604514349717647,
        0.00031676702201366425,
        0.0002938404504675418,
        0.00028273931820876896,
        0.0002778292400762439
      ]
    },
    "Baseline(grouped)": {
      "train": [
        0.0005653721163980663,
        0.0003695230698212981,
        0.00025071221170946956,
        0.00018163053027819842,
        0.00014311287668533623,
        0.00012223358498886228,
        0.00011119682312710211,
        0.00010604617273202166,
        0.00010413293057354167
      ],
      "valid": [
        0.0012588364770635962,
        0.0008426210843026638,
        0.0005901758559048176,
        0.0004427856474649161,
        0.0003615348250605166,
        0.000317845813697204,
        0.0002946714812424034,
        0.0002841240493580699,
        0.00027957544079981744
      ]
    },
    "Single": {
      "train": [
        0.0007066508987918496,
        0.0005133372033014894,
        0.000399498560000211,
        0.0003345982695464045,
        0.0002982386213261634,
        0.0002786694676615298,
        0.000268686591880396,
        0.00026396807515993714,
        0.00026263503241352737
      ],
      "valid": [
        0.0016081929206848145,
        0.001266419654712081,
        0.0010704095475375652,
        0.0009583263308741152,
        0.0008967744652181864,
        0.0008648155489936471,
        0.0008483208366669714,
        0.0008410471491515636,
        0.0008395165205001831
      ]
    },
    "Multi(interpolate)": {
      "train": [
        0.0007547481218352914,
        0.0005278202588669956,
        0.00039492675568908453,
        0.00031928688986226916,
        0.00027730813599191606,
        0.00025459719472564757,
        0.0002429957821732387,
        0.00023820124624762684,
        0.0002374811447225511
      ],
      "valid": [
        0.001649269601330161,
        0.0012339482782408595,
        0.0009911152301356196,
        0.0008516571251675487,
        0.0007743897149339318,
        0.0007321097073145211,
        0.0007099595968611538,
        0.0006992911221459508,
        0.0006956357974559069
      ]
    },
    "Grouped Multi(interpolate)": {
      "train": [
        0.0008081404375843704,
        0.0005781306535936892,
        0.00044477442861534655,
        0.0003699814551509917,
        0.0003292569308541715,
        0.0003074804844800383,
        0.0002962682337965816,
        0.00029109197203069925,
        0.0002895692887250334
      ],
      "valid": [
        0.0018266274128109217,
        0.001429584575816989,
        0.001198553596623242,
        0.0010700125712901354,
        0.0010002898052334785,
        0.0009625318925827742,
        0.0009433556697331369,
        0.0009344640420749784,
        0.0009316452778875828
      ]
    },
    "Multi(shared ds)": {
      "train": [
        0.000728240585885942,
        0.0005029633757658303,
        0.0003723673871718347,
        0.00029915725463069975,
        0.00025937959435395896,
        0.00023843569215387106,
        0.00022800444276072085,
        0.00022381408780347556,
        0.00022311533393803984
      ],
      "valid": [
        0.001615215209312737,
        0.0012088173534721136,
        0.0009742992697283626,
        0.0008433869807049632,
        0.0007727622287347913,
        0.0007353268447332084,
        0.00071590585866943,
        0.0007072896114550531,
        0.0007037824834696949
      ]
    },
    "Multi(seperate ds)": {
      "train": [
        0.0007054459420032799,
        0.0004643252759706229,
        0.00031921197660267353,
        0.00023459545627702028,
        0.0001869734114734456,
        0.00016103856614790857,
        0.00014727216330356896,
        0.0001405519142281264,
        0.00013795169070363045
      ],
      "valid": [
        0.0014490345492959023,
        0.000999873736873269,
        0.0007311498047783971,
        0.000574950419832021,
        0.00048790324945002794,
        0.00044093147153034806,
        0.00041594760841690004,
        0.0004039999912492931,
        0.00039935228414833546
      ]
    }
  }
}